description,code|1,code|1|type,code|2,code|2|type,code|3,code|3|type,code|4,code|4|type,setting,drug_unit_of_measurement,drug_type_of_measurement,standard_charge|gross,standard_charge|discounted_cash,payer_name,plan_name,modifiers,standard_charge|negotiated_dollar,standard_charge|negotiated_percentage,standard_charge|negotiated_algorithm,median_amount,10th_percentile,90th_percentile,count,standard_charge|min,standard_charge|max,standard_charge|methodology,additional_generic_notes
"BURR SURGICAL 58.5MM 2.1MM CARBIDE ROUND TIP CROSS CUT",SUP-2296101421,CDM,S27000186,LOCAL,0270,RC,,,both,,,56.64,16.99,"KAISER [10500]",Kaiser,,41.91,74,,,,,0,6.46,48.14,"percent of total billed charges","Zero final payments for the item or service in the 15 months prior to posting the file."
"HC CT Lwr Ext WO Cntrst",PX-359000004,CDM,73700,CPT,0352,RC,,,both,,,2733.50,820.05,"NOVANET [10819]",Novanet,,2050.13,75,,,,,0,261.88,2323.48,"percent of total billed charges","Zero final payments for the item or service in the 15 months prior to posting the file."
"SUT VICRYL 4-0 P-3 18IN BRAID COATED VIOLET ABSORBABLE",SUP-J464G,CDM,S27200284,LOCAL,0272,RC,,,both,,,26.00,7.8,"AMERIGROUP MEDICAID [20100]",Amerigroup,,2.97,11.41,"11.41% of billed. If the accumulated reimbursement, defined as the sum of reimbursement for claim lines that have certain procedure codes, plus the current reimbursement is less than a reimbursement limit defined as $7,137.40, reimbursement remains unchanged. Otherwise, calculate the remaining allowable amount as the reimbursement limit minus the accumulated reimbursement. If the remaining allowable amount is less than zero, reimbursement equals zero. Otherwise, reimbursement equals the remaining allowable amount.",,,,0,2.97,22.1,"percent of total billed charges","Zero final payments for the item or service in the 15 months prior to posting the file."
"MESH SURGICAL 20X20CM SELF GRIP RESORBING",SUP-TSB2020,CDM,C1781,HCPCS,0278,RC,,,both,,,29925.00,8977.5,"NOVANET [10819]",Novanet,,22443.75,75,,,,,0,3414.44,25436.25,"percent of total billed charges","Zero final payments for the item or service in the 15 months prior to posting the file."
"KIT CATH ADULT 55CM 15.5FR DURATHANE DURAFLOW EMBOSAFE BASIC",SUP-H787103012115,CDM,C1750,HCPCS,0278,RC,,,both,,,1104.50,331.35,"FIRST HEALTH [10303]","First Health",,773.15,70,,,,,0,126.02,938.83,"percent of total billed charges","Zero final payments for the item or service in the 15 months prior to posting the file."
"(EVAL) CATHETER THE RINGER PERFUSION 20MM OD 4.5MM PERFUSION",SUP-5890,CDM,C1725,HCPCS,0272,RC,,,both,,,17325.00,5197.5,"PHCS [10601]",PHCS,,12127.5,70,,,,,0,1976.78,14726.25,"percent of total billed charges","Zero final payments for the item or service in the 15 months prior to posting the file."
"STENT DOUBLE-J 22CM 100CM 6FR .028IN URETERAL SILICONE PTFE",SUP-5202700,CDM,C2617,HCPCS,0278,RC,,,both,,,1134.24,340.27,"AMERIGROUP MEDICAID [20100]",Amerigroup,,129.42,11.41,"11.41% of billed. If the accumulated reimbursement, defined as the sum of reimbursement for claim lines that have certain procedure codes, plus the current reimbursement is less than a reimbursement limit defined as $7,137.40, reimbursement remains unchanged. Otherwise, calculate the remaining allowable amount as the reimbursement limit minus the accumulated reimbursement. If the remaining allowable amount is less than zero, reimbursement equals zero. Otherwise, reimbursement equals the remaining allowable amount.",,,,0,129.42,964.1,"percent of total billed charges","Zero final payments for the item or service in the 15 months prior to posting the file."
"CATH SUPER TORQUE 100CM 6FR .051IN .042IN MULTIPURPOSE A 2",SUP-532642,CDM,S27200284,LOCAL,0272,RC,,,both,,,84.83,25.45,"FIRST HEALTH [10303]","First Health",,59.38,70,,,,,0,9.68,72.11,"percent of total billed charges","Zero final payments for the item or service in the 15 months prior to posting the file."
"SHEATH PINNACLE DESTINATION STRAIGHT 90CM 15CM 6FR GUIDING",SUP-RSC05,CDM,C1894,HCPCS,0272,RC,,,both,,,785.70,235.71,"PEACH STATE MEDICAID [20101]","Peach State Medicaid",,94.13,11.98,"11.98% of billed. If the accumulated reimbursement, defined as the sum of reimbursement for non-excluded claim lines that have certain procedure codes, plus the current reimbursement is less than a reimbursement limit defined as $7,806.64, reimbursement remains unchanged. Otherwise, calculate the remaining allowable amount as the reimbursement limit minus the accumulated reimbursement. If the remaining allowable amount is less than zero, reimbursement equals zero. Otherwise, reimbursement equals the remaining allowable amount.",,,,0,89.65,667.85,"percent of total billed charges","Zero final payments for the item or service in the 15 months prior to posting the file."
"CATH GORDON 40CM 18FR CURVE DRNG ULTRATHANE HYDROPHILIC 6",SUP-G12510,CDM,C1729,HCPCS,0272,RC,,,both,,,716.77,215.03,"UHC [10700]","United Healthcare",,469.48,65.5,,,,,0,81.78,609.25,"percent of total billed charges","Zero final payments for the item or service in the 15 months prior to posting the file."
"CATHETER ANGIOGRAPHY 4FR L120CM FLOW RATE 11ML/SEC 0.038IN S",SUP-CG414,CDM,C1887,HCPCS,0272,RC,,,both,,,435.00,130.5,"AETNA [10100]","Aetna PPO",,317.55,73,,,,,0,49.63,369.75,"percent of total billed charges","Zero final payments for the item or service in the 15 months prior to posting the file."
"HC Hfo W/O Joints Prefab Cst",PX-E27400051,CDM,L3923,HCPCS,0274,RC,,,both,,,229.00,68.7,"BLUE CROSS [10001]","Blue Cross PPO",,89.77,39.2,,,,,0,26.11,194.65,"percent of total billed charges","Zero final payments for the item or service in the 15 months prior to posting the file."
"CATH 100CM 6.7FR GPC CURVE ANGIOGRAPHIC POLYETHYLENE",SUP-G00174,CDM,S27200284,LOCAL,0272,RC,,,both,,,246.19,73.86,"PEACH STATE MEDICAID [20101]","Peach State Medicaid",,29.49,11.98,"11.98% of billed. If the accumulated reimbursement, defined as the sum of reimbursement for non-excluded claim lines that have certain procedure codes, plus the current reimbursement is less than a reimbursement limit defined as $7,806.64, reimbursement remains unchanged. Otherwise, calculate the remaining allowable amount as the reimbursement limit minus the accumulated reimbursement. If the remaining allowable amount is less than zero, reimbursement equals zero. Otherwise, reimbursement equals the remaining allowable amount.",,,,0,28.09,209.26,"percent of total billed charges","Zero final payments for the item or service in the 15 months prior to posting the file."
"HC Hla Class II High Def Qual",PX-302000219,CDM,86833,CPT,0302,RC,,,both,,,845.00,253.5,"NOVANET [10819]",Novanet,,633.75,75,,,,,0,0.01,845,"percent of total billed charges","Zero final payments for the item or service in the 15 months prior to posting the file."
"KIT BONE BIOPSY 10.8CM BD TREK AUTOMATIC BRAKE CONTROL NDL",SUP-TKL1006,CDM,S27200284,LOCAL,0272,RC,,,both,,,3375.00,1012.5,"CIGNA GEORGIA CIGNA CONNECT  [11107]","Cigna Connect",,1640.25,48.6,,,,,0,385.09,2868.75,"percent of total billed charges","Zero final payments for the item or service in the 15 months prior to posting the file."
"SCR BONE 7.3MM 65MM 32MM STAINLESS STEEL FEMORAL CANNULATED",SUP-209.865,CDM,C1713,HCPCS,0278,RC,,,both,,,1374.41,412.32,"CIGNA GEORGIA CIGNA CONNECT  [11107]","Cigna Connect",,667.96,48.6,,569.95,242.09,1844.20,58,156.82,1168.25,"percent of total billed charges",
"REAMER SURGICAL 10.5MM CANNULATED ACL LOW PROFILE STERILE",SUP-AR-1410LP-50,CDM,S27200284,LOCAL,0272,RC,,,both,,,1628.00,488.4,"AETNA [10100]","Aetna HMO",,1188.44,73,,,,,0,185.75,1383.8,"percent of total billed charges","Zero final payments for the item or service in the 15 months prior to posting the file."
"HC Noninvas Ffr Analysis Cta",PX-480000105,CDM,75580,CPT,0350,RC,,,both,,,3672.90,1101.87,"ALLIANT HEALTH PLANS OF GEORGIA [10952]",Alliant,,742,,,,,,,405,3121.97,"per diem",
"VALVE MITRAL 29MM CARPENTIER-EDWARDS PERIMOUNT MAGNA HEART",SUP-7300TFX29MM,CDM,S27800098,LOCAL,0278,RC,,,both,,,36508.50,10952.55,"AETNA [10100]","Aetna PPO",,26651.21,73,,,,,0,4165.62,31032.23,"percent of total billed charges","Zero final payments for the item or service in the 15 months prior to posting the file."
"CATH TORCON NB ADVANTAGE 65CM 5FR RC2 CURVE ANGIOGRAPHIC",SUP-G47061,CDM,S27200284,LOCAL,0272,RC,,,both,,,210.52,63.16,"PHCS [10601]",PHCS,,147.36,70,,,,,0,24.02,178.94,"percent of total billed charges","Zero final payments for the item or service in the 15 months prior to posting the file."
"COMP FEM N/POROUS SIZE 6 RIGHT",SUP-2154-0-0006,CDM,C1776,HCPCS,0278,RC,,,both,,,10151.40,3045.42,"BLUE CROSS [10001]","Blue Cross HMO",,3979.35,39.2,,4740.63,3379.12,11383.53,34,1158.27,8628.69,"percent of total billed charges",
"GRAFT BONE ARTHROCELL 2.5CC",SUP-ABS-2009-02,CDM,C1734,HCPCS,0278,RC,,,both,,,13110.00,3933,"CARESOURCE MEDICAID [20104]","Caresource Medicaid",,1570.58,11.98,"11.98% of billed. If the accumulated reimbursement, defined as the sum of reimbursement for non-excluded claim lines that have certain procedure codes, plus the current reimbursement is less than a reimbursement limit defined as $7,806.64, reimbursement remains unchanged. Otherwise, calculate the remaining allowable amount as the reimbursement limit minus the accumulated reimbursement. If the remaining allowable amount is less than zero, reimbursement equals zero. Otherwise, reimbursement equals the remaining allowable amount.",,,,0,1495.85,11143.5,"percent of total billed charges","Zero final payments for the item or service in the 15 months prior to posting the file."
"SYSTEM REBEL 8MM 140CM 2.25MM CORONARY STENT PLATINUM",SUP-H7493927408220,CDM,C1876,HCPCS,0278,RC,,,both,,,3750.00,1125,"NOVANET [10819]",Novanet,,2812.5,75,,,,,0,427.88,3187.5,"percent of total billed charges","Zero final payments for the item or service in the 15 months prior to posting the file."
"STENT ZILVER FLEX 35 140MM 125CM 9MM 6FR .035IN BILIARY",SUP-G50176,CDM,C1876,HCPCS,0278,RC,,,both,,,6090.00,1827,"BLUE CROSS [10001]","Blue Cross HMO",,2387.28,39.2,,2774.60,695.02,2774.60,"1 through 10",694.87,5176.5,"percent of total billed charges",
"PLATE LEFT PROXIMAL TIBIAL 118MM STAINLESS STEEL 4.5MM SCR",SUP-240.039,CDM,C1713,HCPCS,0278,RC,,,both,,,8699.80,2609.94,"PEACH STATE MEDICAID [20101]","Peach State Medicaid",,1042.24,11.98,"11.98% of billed. If the accumulated reimbursement, defined as the sum of reimbursement for non-excluded claim lines that have certain procedure codes, plus the current reimbursement is less than a reimbursement limit defined as $7,806.64, reimbursement remains unchanged. Otherwise, calculate the remaining allowable amount as the reimbursement limit minus the accumulated reimbursement. If the remaining allowable amount is less than zero, reimbursement equals zero. Otherwise, reimbursement equals the remaining allowable amount.",154.59,33.68,1560.22,19,992.65,7394.83,"percent of total billed charges",
